session_id,participant_id,status,started_datetime,completed_date_time,time_taken,age,num_approvals,num_rejections,prolific_score,reviewed_at_datetime,entered_code,Country of Birth,Current Country of Residence,Employment Status,First Language,Nationality,Sex,Student Status
60bf36e04e91714d3236b6fe,5e9948b69223aa17c21564f4,APPROVED,2021-06-08 09:22:48.977000,2021-06-08 09:50:06.732000,1637.755,21,8,1,99,2021-06-08 14:54:22.332000,29551DF4,United Kingdom,South Africa,Full-Time,DATA EXPIRED,South Africa,Male,No
60bf3754f8c0340279e77547,5f1efa006ba46a05e161bc68,RETURNED,2021-06-08 09:35:00.072000,,92225.996156,24,140,1,100,,,CONSENT REVOKED,CONSENT REVOKED,CONSENT REVOKED,CONSENT REVOKED,CONSENT REVOKED,CONSENT REVOKED,CONSENT REVOKED
60bf381f5cb6ce987fe7a107,5ee76b96fa692303a706f661,RETURNED,2021-06-08 09:28:07.773000,,92638.312107,35,14,1,96,,,CONSENT REVOKED,CONSENT REVOKED,CONSENT REVOKED,CONSENT REVOKED,CONSENT REVOKED,CONSENT REVOKED,CONSENT REVOKED
60bf39349a9e8762cae6665d,5ed8be74a4175a01156004b0,APPROVED,2021-06-08 09:32:38.389000,2021-06-08 09:50:25.898000,1067.509,27,141,2,100,2021-06-08 14:54:49.263000,29551DF4,United Kingdom,United Kingdom,Part-Time,DATA EXPIRED,United Kingdom,Female,Yes
60bf397ad51c58d3547690ac,60bdf618de5fce4b2423e8d7,APPROVED,2021-06-08 09:33:59.912000,2021-06-08 10:01:39.701000,1659.789,19,5,0,100,2021-06-08 14:55:21.758000,29551DF4,Italy,Italy,"Not in paid work (e.g. homemaker', 'retired or disabled)",DATA EXPIRED,Italy,Male,Yes
60bf3b305cb0341ab97584ee,5a048d21df3fa800015c33a1,RETURNED,2021-06-08 09:41:11.212000,,91854.922095,41,48,0,100,,,CONSENT REVOKED,CONSENT REVOKED,CONSENT REVOKED,CONSENT REVOKED,CONSENT REVOKED,CONSENT REVOKED,CONSENT REVOKED
60bf3b9ab4e416a288862a77,600a9ab59e9b701db49fbec1,APPROVED,2021-06-08 09:42:52.155000,2021-06-08 10:02:19.014000,1166.859,23,29,0,100,2021-06-08 14:55:48.439000,29551DF4,Portugal,Portugal,Unemployed (and job seeking),DATA EXPIRED,Portugal,Male,No
60bf3be983b8f9717d3b8264,5e53441f47808436263f86a6,RETURNED,2021-06-08 09:44:14.624000,,91671.543829,31,142,1,100,,,CONSENT REVOKED,CONSENT REVOKED,CONSENT REVOKED,CONSENT REVOKED,CONSENT REVOKED,CONSENT REVOKED,CONSENT REVOKED
60bf3c040817a019cd55155f,5eb335141bd0f31289de4a8d,RETURNED,2021-06-08 09:44:38.900000,,91647.284715,41,70,1,100,,,CONSENT REVOKED,CONSENT REVOKED,CONSENT REVOKED,CONSENT REVOKED,CONSENT REVOKED,CONSENT REVOKED,CONSENT REVOKED
60bf3c3f7f7dc4657e7f56a7,5d29fbc8f91bdd0016e98503,APPROVED,2021-06-08 09:45:42.808000,2021-06-08 10:05:07.676000,1164.868,22,134,2,98,2021-06-08 14:59:25.971000,29551DF4,Ukraine,Portugal,DATA EXPIRED,DATA EXPIRED,Portugal,Male,Yes
60bf3c85f7f3bb1d3f973aa8,60b998d3799e7d42a824491d,RETURNED,2021-06-08 09:46:52.426000,,91513.788714,21,8,0,100,,,CONSENT REVOKED,CONSENT REVOKED,CONSENT REVOKED,CONSENT REVOKED,CONSENT REVOKED,CONSENT REVOKED,CONSENT REVOKED
60bf3ce43fe5f96f0fee579f,59402f40e9b44100013b1789,APPROVED,2021-06-08 09:48:22.129000,2021-06-08 10:06:15.991000,1073.862,29,46,0,100,2021-06-08 14:59:28.867000,29551DF4,Spain,Spain,DATA EXPIRED,DATA EXPIRED,Spain,Female,DATA EXPIRED
60bf3cf9a3326031453998e3,5f9a893d999ea71a0c6c4851,APPROVED,2021-06-08 09:48:46.087000,2021-06-08 10:32:24.263000,2618.176,42,34,0,100,2021-06-08 14:59:02.434000,29551DF4,South Africa,South Africa,DATA EXPIRED,DATA EXPIRED,South Africa,Male,DATA EXPIRED
60bf3e13c8f5dc2de3d8a35f,60b5cbacd78980bbcd8ddd41,APPROVED,2021-06-08 09:53:29.407000,2021-06-08 10:18:11.455000,1482.048,19,3,0,100,2021-06-08 14:59:01.558000,29551DF4,New Zealand,New Zealand,DATA EXPIRED,DATA EXPIRED,New Zealand,DATA EXPIRED,DATA EXPIRED
60bf3e16cebb49910fa2034e,60bf38379e6e346e1408423d,TIMED-OUT,2021-06-08 09:53:27.912000,,91118.362214,49,5,0,100,,,United Kingdom,United Kingdom,Full-Time,DATA EXPIRED,United Kingdom,Male,No
60bf3e7b0b549ed7d0633c09,60b8f65c08c495829d4eab84,RETURNED,2021-06-08 09:55:10.298000,,91015.992751,22,5,0,100,,,CONSENT REVOKED,CONSENT REVOKED,CONSENT REVOKED,CONSENT REVOKED,CONSENT REVOKED,CONSENT REVOKED,CONSENT REVOKED
60bf3e9096cfa72bd2cb2136,60be5cb81de91fc787d3c59c,RETURNED,2021-06-08 09:57:58.916000,,90847.390105,23,14,0,100,,,CONSENT REVOKED,CONSENT REVOKED,CONSENT REVOKED,CONSENT REVOKED,CONSENT REVOKED,CONSENT REVOKED,CONSENT REVOKED
60bf3ecc05fdac9f436da5c0,5f17467b67d63709ed041308,TIMED-OUT,2021-06-08 09:56:29.649000,,90936.672221,20,30,1,99,,,United Kingdom,United Kingdom,Unemployed (and job seeking),DATA EXPIRED,United Kingdom,Female,Yes
60bf3f4ef3d93eaee1ed6eea,5da857a82ff00400162bc9b8,RETURNED,2021-06-08 09:58:42.130000,,90804.207096,36,174,1,100,,,CONSENT REVOKED,CONSENT REVOKED,CONSENT REVOKED,CONSENT REVOKED,CONSENT REVOKED,CONSENT REVOKED,CONSENT REVOKED
60bf3f4efc61d7b026695010,60ba6740a76fadb32842870e,APPROVED,2021-06-08 09:58:52.209000,2021-06-08 10:36:21.934000,2249.725,20,5,0,100,2021-06-08 14:59:37.500000,29551DF4,Estonia,Estonia,Unemployed (and job seeking),DATA EXPIRED,Estonia,Male,Yes
60bf3f8c25df03f9ef478f9f,5c000d7a71ba4200019c0263,RETURNED,2021-06-08 10:03:23.818000,,90522.551688,51,383,1,100,,,CONSENT REVOKED,CONSENT REVOKED,CONSENT REVOKED,CONSENT REVOKED,CONSENT REVOKED,CONSENT REVOKED,CONSENT REVOKED
60bf3facb5786c112ed3142a,60baa44354f42d2f7ce79da9,RETURNED,2021-06-08 10:02:36.080000,,90570.305567,21,7,0,100,,,CONSENT REVOKED,CONSENT REVOKED,CONSENT REVOKED,CONSENT REVOKED,CONSENT REVOKED,CONSENT REVOKED,CONSENT REVOKED
60bf41031f75f80686dd7fbb,5d94c6f5dc0b0e001465072e,APPROVED,2021-06-08 10:05:58.420000,2021-06-08 10:33:38.402000,1659.982,31,49,0,100,2021-06-08 14:59:50.501000,29551DF4,Sweden,Poland,DATA EXPIRED,DATA EXPIRED,Sweden,Male,No
60bf4148018c765290b9bf4a,5fbc76e190b3c5140e3187e7,RETURNED,2021-06-08 10:10:45.076000,,90081.34206,24,33,0,100,,,CONSENT REVOKED,CONSENT REVOKED,CONSENT REVOKED,CONSENT REVOKED,CONSENT REVOKED,CONSENT REVOKED,CONSENT REVOKED
60bf41952435aa78a0b066e3,60be8768e1fb83097a5db1ed,RETURNED,2021-06-08 10:08:22.938000,,90223.498388,19,2,0,100,,,CONSENT REVOKED,CONSENT REVOKED,CONSENT REVOKED,CONSENT REVOKED,CONSENT REVOKED,CONSENT REVOKED,CONSENT REVOKED
60bf41a87327412353c02061,5cb304b63742a400153b756d,APPROVED,2021-06-08 10:08:56.317000,2021-06-08 10:34:02.595000,1506.278,20,25,0,100,2021-06-08 15:00:22.895000,29551DF4,Latvia,Latvia,"Not in paid work (e.g. homemaker', 'retired or disabled)",DATA EXPIRED,Latvia,Female,Yes
60bf41d48518ff01ae7aa411,59de425bbe399f0001e4975e,APPROVED,2021-06-08 10:09:32.825000,2021-06-08 10:38:37.028000,1744.203,46,87,0,100,2021-06-08 15:01:01.067000,29551DF4,Portugal,Portugal,Full-Time,DATA EXPIRED,Portugal,Male,No
60bf41d4fc61d7b026695037,605b2e99ac3c7259bbbefc2f,APPROVED,2021-06-08 10:09:44.570000,2021-06-08 10:40:56.796000,1872.226,22,7,0,100,2021-06-08 15:01:27.366000,29551DF4,Estonia,Estonia,Due to start a new job within the next month,DATA EXPIRED,Estonia,Female,Yes
60bf41da54aeff55198f6c5e,5ffb3cdfa301645772b03b49,APPROVED,2021-06-08 10:09:53.492000,2021-06-08 10:33:29.459000,1415.967,19,21,0,100,2021-06-08 15:01:47.844000,29551DF4,Algeria,France,Unemployed (and job seeking),DATA EXPIRED,Algeria,Male,Yes
60bf422068d94d88d504ac36,5ba37469e671c60001238a7f,RETURNED,2021-06-08 10:11:09.294000,,90057.222203,57,138,1,100,,,CONSENT REVOKED,CONSENT REVOKED,CONSENT REVOKED,CONSENT REVOKED,CONSENT REVOKED,CONSENT REVOKED,CONSENT REVOKED
60bf4280dc048f0bb75f617b,60b5136d2bcefe5c703496ff,RETURNED,2021-06-08 10:12:19.732000,,89987.005996,18,3,0,100,,,CONSENT REVOKED,CONSENT REVOKED,CONSENT REVOKED,CONSENT REVOKED,CONSENT REVOKED,CONSENT REVOKED,CONSENT REVOKED
60bf52206a5aa314ec7ae327,5f3c2701fa55251a108b07e6,APPROVED,2021-06-08 11:18:56.795000,2021-06-08 11:41:55.633000,1378.838,20,73,1,100,2021-06-08 15:02:07.285000,29551DF4,Poland,Poland,Full-Time,DATA EXPIRED,Poland,Female,Yes
60bf52285d01ad25b6b76080,60bf3bf6c51946da785cc9fd,TIMED-OUT,2021-06-08 11:19:28.953000,,85957.816827,,1,0,100,,,DATA EXPIRED,South Africa,Full-Time,DATA EXPIRED,South Africa,Female,DATA EXPIRED
60bf5230b793f25fb370393f,60b6bccce70b9dcb57760f69,APPROVED,2021-06-08 11:19:12.112000,2021-06-08 11:57:15.849000,2283.737,20,4,0,100,2021-06-08 15:02:24.366000,29551DF4,DATA EXPIRED,South Africa,Unemployed (and job seeking),DATA EXPIRED,South Africa,Male,DATA EXPIRED
60bf52317153797cf511d655,603691e060f42aaf3b034a94,APPROVED,2021-06-08 11:21:25.458000,2021-06-08 11:52:15.866000,1850.408,19,9,0,100,2021-06-08 15:02:43.847000,29551DF4,South Africa,South Africa,Other,DATA EXPIRED,South Africa,Female,Yes
60bf523ee8fe86dc610b7f74,60bb6108c885ec0498404391,RETURNED,2021-06-08 11:19:42.713000,,85944.11509,28,5,0,100,,,CONSENT REVOKED,CONSENT REVOKED,CONSENT REVOKED,CONSENT REVOKED,CONSENT REVOKED,CONSENT REVOKED,CONSENT REVOKED
60bf524c9252a05986772612,5c9124ef3b7f9e0013728485,APPROVED,2021-06-08 11:19:44.738000,2021-06-08 11:49:44.574000,1799.836,25,117,4,96,2021-06-08 15:02:58.323000,29551DF4,Greece,Greece,Unemployed (and job seeking),DATA EXPIRED,Greece,Female,Yes
60bf540f2918e3bbfa59ea00,60be136a592f08dc5f9e4b28,APPROVED,2021-06-08 11:27:19.992000,2021-06-08 11:58:19.835000,1859.843,22,15,0,100,2021-06-08 15:03:25.484000,29551DF4,United Kingdom,United Kingdom,"Not in paid work (e.g. homemaker', 'retired or disabled)",DATA EXPIRED,United Kingdom,Male,No
60bf66533c8600cfcff95540,60bd004a31845ac6e7e2c9db,RETURNED,2021-06-08 12:55:07.604000,,80219.271955,23,7,0,100,,,CONSENT REVOKED,CONSENT REVOKED,CONSENT REVOKED,CONSENT REVOKED,CONSENT REVOKED,CONSENT REVOKED,CONSENT REVOKED
60bf66bd163a9209e46fd436,60990347620d51b977f34ce0,APPROVED,2021-06-08 12:46:54.954000,2021-06-08 13:00:45.201000,830.247,28,17,0,100,2021-06-08 15:03:37.286000,29551DF4,Portugal,Portugal,Part-Time,DATA EXPIRED,Portugal,Male,No
60bf674be859c10105fd51ea,60a7bfcca14b2acd0cb66b16,APPROVED,2021-06-08 12:49:17.132000,2021-06-08 13:03:35.024000,857.892,23,8,0,100,2021-06-08 15:03:48.640000,29551DF4,Portugal,Portugal,Full-Time,DATA EXPIRED,Portugal,Female,Yes
60bf674e151400579afa8ac6,60aac06904242bda27c46987,APPROVED,2021-06-08 12:49:21.748000,2021-06-08 13:23:46.471000,2064.723,18,18,0,100,2021-06-08 15:09:47.090000,29551DF4,Portugal,Portugal,Other,DATA EXPIRED,Portugal,Male,Yes
60bf674e456c175bac46c763,60b553fb5705a4355358afaf,APPROVED,2021-06-08 12:49:18.467000,2021-06-08 13:25:29.881000,2171.414,21,9,0,100,2021-06-08 15:10:10.891000,29551DF4,Portugal,Portugal,Unemployed (and job seeking),DATA EXPIRED,Portugal,Female,Yes
60bf674f6890b8a67073e125,5b6baad47e435d0001c1c88f,APPROVED,2021-06-08 12:49:19.198000,2021-06-08 13:06:38.213000,1039.015,21,253,7,95,2021-06-08 15:10:24.184000,29551DF4,Poland,Poland,Unemployed (and job seeking),DATA EXPIRED,Poland,Male,No
60bf675182cf17e72a687cc1,5e29e902c2253a0587298e26,APPROVED,2021-06-08 12:49:34.817000,2021-06-08 13:11:36.571000,1321.754,27,169,0,100,2021-06-08 15:13:05.983000,29551DF4,Poland,Poland,Full-Time,DATA EXPIRED,Poland,Male,No
60bf6751c3e78944ff127c07,604e2e30b9ef1f91e2e6a67a,APPROVED,2021-06-08 12:49:21.328000,2021-06-08 13:12:14.612000,1373.284,29,30,0,100,2021-06-08 15:13:42.486000,29551DF4,Spain,Spain,Other,DATA EXPIRED,Spain,Male,No
60bf6751fc01b7536818d8c0,5def817758776a616991d485,RETURNED,2021-06-08 12:49:21.901000,,80565.104556,22,93,3,96,,,CONSENT REVOKED,CONSENT REVOKED,CONSENT REVOKED,CONSENT REVOKED,CONSENT REVOKED,CONSENT REVOKED,CONSENT REVOKED
60bf6751fef977f9f9375e2f,5fc7efbee5390f0b42e30f22,APPROVED,2021-06-08 12:49:21.286000,2021-06-08 13:14:12.359000,1491.073,29,72,0,100,2021-06-08 15:13:57.652000,29551DF4,Greece,Greece,Full-Time,DATA EXPIRED,Greece,Male,No
60bf67520b49bb24ea640dfb,60bb608a2da16013513f577e,APPROVED,2021-06-08 12:52:10.112000,2021-06-08 13:20:51.737000,1721.625,31,5,0,100,2021-06-08 15:14:07.150000,29551DF4,DATA EXPIRED,Austria,DATA EXPIRED,DATA EXPIRED,DATA EXPIRED,DATA EXPIRED,DATA EXPIRED
60bf675230a98a6a69b178de,5c1ac41a5b2ab700015b0a20,RETURNED,2021-06-08 12:49:22.262000,,80564.79308,33,107,4,97,,,CONSENT REVOKED,CONSENT REVOKED,CONSENT REVOKED,CONSENT REVOKED,CONSENT REVOKED,CONSENT REVOKED,CONSENT REVOKED
60bf675266f3b15ae239dd00,60b8bfa6fd93d6732a7d4ddf,APPROVED,2021-06-08 12:50:59.327000,2021-06-08 13:19:57.017000,1737.69,20,6,0,100,2021-06-08 15:15:41.904000,29551DF4,South Africa,South Africa,Part-Time,DATA EXPIRED,South Africa,Male,Yes
60bf67529c1253438fd82c2a,60bab50bcdd5d7ad3ee97479,RETURNED,2021-06-08 12:49:28.687000,,80558.398393,18,6,1,94,,,CONSENT REVOKED,CONSENT REVOKED,CONSENT REVOKED,CONSENT REVOKED,CONSENT REVOKED,CONSENT REVOKED,CONSENT REVOKED
60bf6752d686e4fff24e0e84,6063738895dfdf467955017c,APPROVED,2021-06-08 12:49:46.443000,2021-06-08 13:14:48.999000,1502.556,19,27,0,100,2021-06-08 15:15:43.470000,29551DF4,Poland,Italy,Other,DATA EXPIRED,Poland,Male,Yes
60bf675305fba107bc699173,5fd6c65562dc6462d0879108,RETURNED,2021-06-08 12:49:25.903000,,80561.213982,22,78,1,100,,,CONSENT REVOKED,CONSENT REVOKED,CONSENT REVOKED,CONSENT REVOKED,CONSENT REVOKED,CONSENT REVOKED,CONSENT REVOKED
60bf675361961973cc2bd621,5f931f7f293cf00bbb920b55,RETURNED,2021-06-08 12:49:23.591000,,80563.542104,21,35,0,100,,,CONSENT REVOKED,CONSENT REVOKED,CONSENT REVOKED,CONSENT REVOKED,CONSENT REVOKED,CONSENT REVOKED,CONSENT REVOKED
60bf675395a477180c456e1a,5fb91837b8c8756d924f7351,APPROVED,2021-06-08 12:49:23.640000,2021-06-08 13:07:56.586000,1112.946,19,47,1,100,2021-06-08 15:15:44.867000,29551DF4,Germany,Portugal,DATA EXPIRED,DATA EXPIRED,Portugal,Male,Yes
60bf6753c73b33b87eb0c8d0,5ed05baa1c075613405e5336,RETURNED,2021-06-08 12:49:25.551000,,80561.612663,29,30,0,100,,,CONSENT REVOKED,CONSENT REVOKED,CONSENT REVOKED,CONSENT REVOKED,CONSENT REVOKED,CONSENT REVOKED,CONSENT REVOKED
60bf675475fc788afda66cf2,603bf563c71a1c8ca72cbbac,APPROVED,2021-06-08 12:49:24.562000,2021-06-08 13:21:43.537000,1938.975,18,28,2,97,2021-06-08 15:15:46.487000,29551DF4,Poland,Poland,Other,DATA EXPIRED,Poland,Male,Yes
60bf67548ce5796f04c11f42,5cf92c7255e1370001e54adb,APPROVED,2021-06-08 12:49:24.769000,2021-06-08 13:17:21.693000,1676.924,30,201,0,100,2021-06-08 15:15:47.818000,29551DF4,Poland,Poland,Unemployed (and job seeking),DATA EXPIRED,Poland,Male,No
60bf6754a92462d3bc63855f,5f75cc1fb0741626d6634281,APPROVED,2021-06-08 12:49:24.795000,2021-06-08 13:11:46.129000,1341.334,24,63,1,100,2021-06-08 15:15:50.105000,29551DF4,Israel,Israel,DATA EXPIRED,DATA EXPIRED,Israel,Female,DATA EXPIRED
60bf6822456c175bac46c779,5b2ffddaa8327d0001ffec6d,RETURNED,2021-06-08 12:53:04.045000,,80343.179156,24,123,1,100,,,CONSENT REVOKED,CONSENT REVOKED,CONSENT REVOKED,CONSENT REVOKED,CONSENT REVOKED,CONSENT REVOKED,CONSENT REVOKED
60bf685673215fc733940349,60b8db5feb283b86cce8de9f,APPROVED,2021-06-08 12:53:45.866000,2021-06-08 13:30:23.007000,2197.141,29,12,0,100,2021-06-08 15:15:51.594000,29551DF4,Hungary,Hungary,Full-Time,DATA EXPIRED,Hungary,Male,No
60bf685afc8aa07ad11288e7,5f64b5eed3b0d9015f58920c,APPROVED,2021-06-08 12:53:46.956000,2021-06-08 13:14:22.385000,1235.429,20,80,0,100,2021-06-08 15:15:53.369000,29551DF4,Poland,Poland,Unemployed (and job seeking),DATA EXPIRED,Poland,Male,Yes
60bf686944c987455515fcbc,6040a6019923db2cb26b04e0,APPROVED,2021-06-08 12:54:06.891000,2021-06-08 13:16:20.801000,1333.91,18,29,0,100,2021-06-08 15:15:55.030000,29551DF4,Hungary,Hungary,Unemployed (and job seeking),DATA EXPIRED,Hungary,Female,Yes
60bf6a0b55e9e49b10fd4ae0,606a3cb8f0138d1b0a789c2b,APPROVED,2021-06-08 13:01:07.079000,2021-06-08 13:24:56.306000,1429.227,22,23,0,100,2021-06-08 15:15:56.765000,29551DF4,Romania,Italy,Unemployed (and job seeking),DATA EXPIRED,Romania,Male,Yes
60bf6a3e5b9d07b993a44589,6082ce71af25902847cd9cb4,RETURNED,2021-06-08 13:01:53.449000,,79813.849988,29,12,0,100,,,CONSENT REVOKED,CONSENT REVOKED,CONSENT REVOKED,CONSENT REVOKED,CONSENT REVOKED,CONSENT REVOKED,CONSENT REVOKED
60bf6a9627d1c1f45bf1d193,6081db2a9344bdf3d4413d45,APPROVED,2021-06-08 13:03:28.666000,2021-06-08 13:20:02.615000,993.949,23,10,0,100,2021-06-08 15:15:58.186000,29551DF4,Portugal,Portugal,Other,DATA EXPIRED,Portugal,Male,Yes
60bf6c031ffc4a50823fbed9,5fa11672e8db2819fbe5c359,RETURNED,2021-06-08 13:09:26.632000,,79360.696894,21,35,1,99,,,CONSENT REVOKED,CONSENT REVOKED,CONSENT REVOKED,CONSENT REVOKED,CONSENT REVOKED,CONSENT REVOKED,CONSENT REVOKED
60bf6d946017e661cb5e7396,5ece91c293c34525bcbcdf1a,RETURNED,2021-06-08 13:16:15.149000,,78952.198055,27,29,0,100,,,CONSENT REVOKED,CONSENT REVOKED,CONSENT REVOKED,CONSENT REVOKED,CONSENT REVOKED,CONSENT REVOKED,CONSENT REVOKED
60bf6f755e2d30ec38eb8566,600ec679c144277505d6428d,APPROVED,2021-06-08 13:24:26.832000,2021-06-08 13:44:22.635000,1195.803,24,59,2,98,2021-06-08 14:54:05.714000,29551DF4,Vietnam,Belgium,Part-Time,DATA EXPIRED,Vietnam,Female,Yes
60bf75f56ab7ec7b55027ac3,60382af43e9cf5090d47b643,RETURNED,2021-06-08 13:51:54.788000,,76812.594395,23,35,0,100,,,CONSENT REVOKED,CONSENT REVOKED,CONSENT REVOKED,CONSENT REVOKED,CONSENT REVOKED,CONSENT REVOKED,CONSENT REVOKED
60bf75f7610a11edd03b2ad0,6079b2d809f2f241470e821f,APPROVED,2021-06-08 13:54:58.763000,2021-06-08 14:23:27.147000,1708.384,19,28,0,100,2021-06-08 14:53:49.492000,29551DF4,Italy,Italy,Other,DATA EXPIRED,Italy,Male,Yes
60bf75f77e1a219cd00c1654,5e8252090d34ae97307223ec,RETURNED,2021-06-08 13:52:02.364000,,76805.051707,27,17,0,100,,,CONSENT REVOKED,CONSENT REVOKED,CONSENT REVOKED,CONSENT REVOKED,CONSENT REVOKED,CONSENT REVOKED,CONSENT REVOKED
60bf75f7b3985b9ff6cdf14a,5c6d938c79151c00017c7560,APPROVED,2021-06-08 13:51:51.183000,2021-06-08 14:36:16.413000,2665.23,28,202,1,100,2021-06-08 14:53:04.529000,29551DF4,Poland,Poland,Full-Time,DATA EXPIRED,Poland,Male,DATA EXPIRED
60bf75f7d78a1b8e20f1393c,60afa415649ba80204381dad,APPROVED,2021-06-08 13:51:51.891000,2021-06-08 14:25:22.558000,2010.667,20,11,0,100,2021-06-08 14:52:26.992000,29551DF4,Portugal,Portugal,"Not in paid work (e.g. homemaker', 'retired or disabled)",DATA EXPIRED,Portugal,Male,Yes
60bf75f7ee25d8e0c03a21f6,60ba349d21c7acbaaabc36dd,APPROVED,2021-06-08 13:52:00.494000,2021-06-08 14:52:11.811000,3611.317,18,13,0,100,2021-06-08 15:15:59.869000,29551DF4,Portugal,Portugal,Full-Time,DATA EXPIRED,Portugal,Male,Yes
60bf75f802f8ae7de4220de6,5fcb705d9b31048d04ac0a8a,APPROVED,2021-06-08 13:52:05.649000,2021-06-08 14:25:45.761000,2020.112,22,61,0,100,2021-06-08 14:52:30.499000,29551DF4,Greece,Greece,DATA EXPIRED,DATA EXPIRED,Greece,Female,DATA EXPIRED
60bf75f87a77083e4dcc83d7,5ecd7b06a1a9170e7806f51e,APPROVED,2021-06-08 13:51:52.076000,2021-06-08 14:25:02.099000,1990.023,24,165,0,100,2021-06-08 14:51:28.194000,29551DF4,Poland,Poland,Part-Time,DATA EXPIRED,Poland,Male,Yes
60bf75f8a44fc2f92f345afd,60b9ea1e059038ecdbdfd712,RETURNED,2021-06-08 13:56:04.006000,,76563.502095,32,6,0,100,,,CONSENT REVOKED,CONSENT REVOKED,CONSENT REVOKED,CONSENT REVOKED,CONSENT REVOKED,CONSENT REVOKED,CONSENT REVOKED
60bf75f8c95448d2de0a79b2,60a5769dbae38f67750f42e4,APPROVED,2021-06-08 13:51:52.769000,2021-06-08 14:54:00.203000,3727.434,22,14,0,100,2021-06-08 15:16:01.340000,29551DF4,Greece,Greece,DATA EXPIRED,DATA EXPIRED,DATA EXPIRED,DATA EXPIRED,Yes
60bf75f8ecb4a68be5951560,5cd98287b0c5ec0001e0965a,APPROVED,2021-06-08 13:51:54.488000,2021-06-08 14:11:04.399000,1149.911,22,102,1,99,2021-06-08 14:43:46.794000,29551DF4,Estonia,Estonia,"Not in paid work (e.g. homemaker', 'retired or disabled)",DATA EXPIRED,Estonia,Female,Yes
60bf75f8ff0291c11e2f340e,600090cc2864f714e71d0e45,APPROVED,2021-06-08 13:51:58.035000,2021-06-08 14:43:38.905000,3100.87,45,37,0,100,2021-06-08 14:50:05.692000,29551DF4,Mexico,Mexico,"Not in paid work (e.g. homemaker', 'retired or disabled)",DATA EXPIRED,Mexico,Female,No
60bf75f948d13438d869c006,5e554641ab5163543d2a5e68,RETURNED,2021-06-08 13:51:53.298000,,76814.274729,26,145,2,100,,,CONSENT REVOKED,CONSENT REVOKED,CONSENT REVOKED,CONSENT REVOKED,CONSENT REVOKED,CONSENT REVOKED,CONSENT REVOKED
60bf75f972ca6c85affaf384,60bda3d97d8f5c8f09917d2f,APPROVED,2021-06-08 13:52:10.414000,2021-06-08 14:45:25.675000,3195.261,46,11,0,100,2021-06-08 14:51:23.441000,29551DF4,South Africa,South Africa,Part-Time,DATA EXPIRED,South Africa,Female,No
60bf75f97e1a219cd00c1655,6065ba36add2074fed28d812,APPROVED,2021-06-08 13:51:53.049000,2021-06-08 14:09:39.119000,1066.07,22,51,0,100,2021-06-08 14:43:12.533000,29551DF4,United Kingdom,Portugal,Other,DATA EXPIRED,United Kingdom,Female,Yes
60bf75f99ad1225803af7a01,5fafb6dc1c1c102784963a5e,RETURNED,2021-06-08 13:51:53.669000,,76813.949187,24,74,1,100,,,CONSENT REVOKED,CONSENT REVOKED,CONSENT REVOKED,CONSENT REVOKED,CONSENT REVOKED,CONSENT REVOKED,CONSENT REVOKED
60bf75fa8529e2e44b00c3d1,606a58055cc01ffaa6420303,RETURNED,2021-06-08 13:51:54.052000,,76813.581326,20,25,0,100,,,CONSENT REVOKED,CONSENT REVOKED,CONSENT REVOKED,CONSENT REVOKED,CONSENT REVOKED,CONSENT REVOKED,CONSENT REVOKED
60bf75fa87d8b76d2ccdd5fa,60bd04a3749e1ca47e54d3e1,APPROVED,2021-06-08 13:51:55.903000,2021-06-08 14:17:25.810000,1529.907,21,11,0,100,2021-06-08 14:42:52.869000,29551DF4,Portugal,Portugal,Unemployed (and job seeking),DATA EXPIRED,Portugal,Male,Yes
60bf75fae47b4ba2f8948e24,601859370b15830bb219db7a,APPROVED,2021-06-08 13:52:09.367000,2021-06-08 14:21:06.866000,1737.499,25,37,0,100,2021-06-08 14:42:38.373000,29551DF4,Spain,Spain,Unemployed (and job seeking),DATA EXPIRED,Spain,Male,Yes
60bf75faff91ddc5549de6bf,5dc56fbac34fc53e4e78b820,APPROVED,2021-06-08 13:51:54.293000,2021-06-08 14:13:18.894000,1284.601,37,219,0,100,2021-06-08 14:41:44.652000,29551DF4,Latvia,Latvia,Unemployed (and job seeking),DATA EXPIRED,Latvia,Male,No
60bf76d807bbe29b4d0f3c7b,5d6e3252dfe6d10001dbe508,APPROVED,2021-06-08 13:55:36.248000,2021-06-08 14:20:04.690000,1468.442,25,266,2,100,2021-06-08 14:41:42.916000,29551DF4,Poland,Poland,Other,DATA EXPIRED,Poland,Male,Yes
60bf77d561e65a83a43326a1,5ed8ff75180227423854abeb,REJECTED,2021-06-08 13:59:49.435000,2021-06-08 14:07:59.459000,490.024,24,156,7,95,2021-06-08 14:39:15.190000,nocode,Italy,Italy,Part-Time,DATA EXPIRED,Italy,Male,No
60bf77fb07bbe29b4d0f3c8e,5ecba4b6ef75d53505406d57,APPROVED,2021-06-08 14:00:37.970000,2021-06-08 14:18:44.663000,1086.693,20,114,1,100,2021-06-08 14:41:18.644000,29551DF4,Poland,Poland,Unemployed (and job seeking),DATA EXPIRED,Poland,Male,Yes
60bf785379f83c2dbf3a823e,5f6875b05e3bc74d0dee825e,APPROVED,2021-06-08 14:03:17.202000,2021-06-08 14:37:04.731000,2027.529,20,69,0,100,2021-06-08 14:51:19.732000,29551DF4,Poland,Poland,Other,DATA EXPIRED,Poland,Female,Yes
60bf78cf4d241955a9bf20d2,60a386d14498cfca2a68a397,RETURNED,2021-06-08 14:04:07.655000,,76080.112393,18,10,1,97,,,CONSENT REVOKED,CONSENT REVOKED,CONSENT REVOKED,CONSENT REVOKED,CONSENT REVOKED,CONSENT REVOKED,CONSENT REVOKED
60bf7b53c8a596911e4b0d51,5d767ab1abbb3200160bf2d6,RETURNED,2021-06-08 14:15:07.559000,,75420.227787,23,364,3,100,,,CONSENT REVOKED,CONSENT REVOKED,CONSENT REVOKED,CONSENT REVOKED,CONSENT REVOKED,CONSENT REVOKED,CONSENT REVOKED
60bf7d371fb69aac29d1135a,5edaa4924ea9bd6f14f3d618,APPROVED,2021-06-08 14:22:59.249000,2021-06-08 14:53:00.267000,1801.018,19,79,0,100,2021-06-08 15:16:02.955000,29551DF4,Poland,Poland,Unemployed (and job seeking),DATA EXPIRED,Poland,Male,Yes
60bf8118a122c69a7788871a,5e947757962a222be512d425,RETURNED,2021-06-08 14:39:24.004000,,73963.823176,24,150,2,100,,,CONSENT REVOKED,CONSENT REVOKED,CONSENT REVOKED,CONSENT REVOKED,CONSENT REVOKED,CONSENT REVOKED,CONSENT REVOKED
60bf81d0269bac3521ad4076,60aabff11bad269f664ccbc7,APPROVED,2021-06-08 14:42:33.168000,2021-06-08 15:01:17.977000,1124.809,23,14,0,100,2021-06-08 15:12:55.209000,29551DF4,Portugal,Portugal,Other,DATA EXPIRED,Portugal,Female,Yes
60bf83fec92912c6cfb4160d,5f958e181381b5079be5d02f,APPROVED,2021-06-08 14:51:50.702000,2021-06-08 15:10:24.016000,1113.314,29,172,0,100,2021-06-08 15:12:54.015000,29551DF4,United Kingdom,United Kingdom,DATA EXPIRED,DATA EXPIRED,United Kingdom,Male,DATA EXPIRED
60bf89b5560921e5483c4f9f,5f1b69a1459c1e0009a83009,APPROVED,2021-06-08 15:16:07.070000,2021-06-08 15:31:49.315000,942.245,29,121,1,100,2021-06-09 11:02:04.548000,29551DF4,United States,Portugal,Unemployed (and job seeking),DATA EXPIRED,Portugal,Male,No
60bf89b5d7c9039939ea2767,5fecb4e73e41f76583b6023a,APPROVED,2021-06-08 15:16:07.333000,2021-06-08 15:33:47.768000,1060.435,19,75,0,100,2021-06-09 11:02:05.600000,29551DF4,Turkey,United Kingdom,Unemployed (and job seeking),DATA EXPIRED,Turkey,Male,Yes
60bf89b5f5cfb519c48e040f,5da60411423c170017b7dc0f,APPROVED,2021-06-08 15:16:08.224000,2021-06-08 15:32:27.640000,979.416,22,27,0,100,2021-06-09 11:02:06.902000,29551DF4,Italy,Italy,Full-Time,DATA EXPIRED,Italy,Male,Yes
60bf89b60541415d6cd605eb,60a44015d0ff9f3d81a1a1c8,RETURNED,2021-06-08 15:16:06.892000,,71761.08892,18,14,0,100,,,CONSENT REVOKED,CONSENT REVOKED,CONSENT REVOKED,CONSENT REVOKED,CONSENT REVOKED,CONSENT REVOKED,CONSENT REVOKED
60bf89b605f8df7bc946e9a3,5e44f57003d8d83698861af3,RETURNED,2021-06-08 15:26:06.576000,,71161.435641,26,84,2,99,,,CONSENT REVOKED,CONSENT REVOKED,CONSENT REVOKED,CONSENT REVOKED,CONSENT REVOKED,CONSENT REVOKED,CONSENT REVOKED
60bf89b60a571e5c4105dea4,5fa91c5d816c5c831297d606,APPROVED,2021-06-08 15:17:22.555000,2021-06-08 15:46:03.185000,1720.63,28,105,2,98,2021-06-09 11:02:07.799000,29551DF4,Italy,Italy,Unemployed (and job seeking),DATA EXPIRED,Italy,Female,No
60bf89b647f57ea5f398aabb,604a3c8ec261d2fa6ac242c3,RETURNED,2021-06-08 15:16:08.493000,,71759.55906,19,33,1,100,,,CONSENT REVOKED,CONSENT REVOKED,CONSENT REVOKED,CONSENT REVOKED,CONSENT REVOKED,CONSENT REVOKED,CONSENT REVOKED
60bf89b6943fc0a32782fd57,60b7e7db11897639638f15cb,APPROVED,2021-06-08 15:16:08.493000,2021-06-08 15:36:10.115000,1201.622,19,13,0,100,2021-06-09 11:02:09.161000,29551DF4,Portugal,Portugal,Other,DATA EXPIRED,Portugal,Male,Yes
60bf89b751e87179fb1ec960,5ef8a0b375e30603ebc12510,APPROVED,2021-06-08 15:16:07.475000,2021-06-08 15:27:42.075000,694.6,38,142,0,100,2021-06-09 11:02:10.030000,29551DF4,Canada,Austria,"Not in paid work (e.g. homemaker', 'retired or disabled)",DATA EXPIRED,Canada,Female,No
60bf89b75af48a041b2aef04,6092de3f71eab0b8ffb3a1fc,APPROVED,2021-06-08 15:16:09.826000,2021-06-08 15:40:00.768000,1430.942,24,11,0,100,2021-06-09 11:02:11.227000,29551DF4,Romania,Italy,Other,DATA EXPIRED,Italy,Male,DATA EXPIRED
60bf89b77f7d0def6edda018,5e14f484b633b5b0ff2e856e,RETURNED,2021-06-08 15:16:09.410000,,71758.735604,33,239,6,97,,,CONSENT REVOKED,CONSENT REVOKED,CONSENT REVOKED,CONSENT REVOKED,CONSENT REVOKED,CONSENT REVOKED,CONSENT REVOKED
60bf89b788cd614b7a5bc63b,5ef27f63447c5c0ea8b42420,RETURNED,2021-06-08 15:25:58.690000,,71169.485175,19,82,3,95,,,CONSENT REVOKED,CONSENT REVOKED,CONSENT REVOKED,CONSENT REVOKED,CONSENT REVOKED,CONSENT REVOKED,CONSENT REVOKED
60bf89b80541415d6cd605ed,5ec806f532fe7d2afa2e315b,RETURNED,2021-06-08 15:16:08.078000,,71760.125236,22,119,2,100,,,CONSENT REVOKED,CONSENT REVOKED,CONSENT REVOKED,CONSENT REVOKED,CONSENT REVOKED,CONSENT REVOKED,CONSENT REVOKED
60bf89b82560aa9dba297171,5f7728b294840b203855824d,APPROVED,2021-06-08 15:16:08.366000,2021-06-08 15:58:05.775000,2517.409,23,98,3,97,2021-06-09 11:02:12.389000,29551DF4,DATA EXPIRED,Italy,DATA EXPIRED,DATA EXPIRED,Italy,Female,DATA EXPIRED
60bf89b841dd0ebb1eb19a96,601802be04904aaed5ad8ddb,RETURNED,2021-06-08 15:16:11.502000,,71756.739842,19,45,0,100,,,CONSENT REVOKED,CONSENT REVOKED,CONSENT REVOKED,CONSENT REVOKED,CONSENT REVOKED,CONSENT REVOKED,CONSENT REVOKED
60bf89b845463445b8c9d9e3,60b64f694c19cc0041d1a830,APPROVED,2021-06-08 15:16:21.323000,2021-06-08 15:54:30.429000,2289.106,27,14,0,100,2021-06-09 11:02:13.536000,29551DF4,Portugal,Portugal,Unemployed (and job seeking),DATA EXPIRED,Portugal,Male,Yes
60bf89b84876ab68818a2dac,5d36ff998129260015c6de19,APPROVED,2021-06-08 15:16:18.274000,2021-06-08 16:00:47.126000,2668.852,30,166,0,100,2021-06-09 11:02:14.434000,29551DF4,Finland,United Kingdom,DATA EXPIRED,DATA EXPIRED,Finland,Female,DATA EXPIRED
60bf89b865de110f2def806a,60358e8f4cf36d6725a603dd,APPROVED,2021-06-08 15:16:15.990000,2021-06-08 15:37:49.385000,1293.395,21,44,0,100,2021-06-09 11:02:15.953000,29551DF4,Portugal,Portugal,Other,DATA EXPIRED,Portugal,Female,Yes
60bf89b958305d0bd52e4856,60ba81c2a91092e4071c276c,APPROVED,2021-06-08 15:16:15.570000,2021-06-08 15:59:53.798000,2618.228,20,8,0,100,2021-06-09 11:02:16.919000,29551DF4,Italy,Italy,Unemployed (and job seeking),DATA EXPIRED,Italy,Male,Yes
60bf89b974af0f7f1f3b6956,607dc10ae5bc5c8b32b18e9a,APPROVED,2021-06-08 15:16:09.582000,2021-06-08 15:53:05.822000,2216.24,23,29,0,100,2021-06-09 11:02:18.073000,29551DF4,Portugal,Portugal,Full-Time,DATA EXPIRED,Portugal,Male,No
60bf89b9afea709be01e2177,60913f7000c9d4d18948da79,APPROVED,2021-06-08 15:16:09.207000,2021-06-08 15:37:20.402000,1271.195,23,18,0,100,2021-06-09 11:02:19.010000,29551DF4,Portugal,Portugal,Full-Time,DATA EXPIRED,Portugal,Male,No
60bf89b9d4e33d8aecc08efd,609ab3c7fdf2516540d38003,APPROVED,2021-06-08 15:16:21.503000,2021-06-08 15:54:58.013000,2316.51,20,30,0,100,2021-06-09 11:02:19.984000,29551DF4,Poland,Poland,Unemployed (and job seeking),DATA EXPIRED,Poland,Female,No
60bf89b9d66828122260ba05,5fedf2023cc53c06d3406a14,APPROVED,2021-06-08 15:16:09.952000,2021-06-08 15:47:31.846000,1881.894,19,17,1,99,2021-06-09 11:02:21.182000,29551DF4,Portugal,Portugal,Full-Time,DATA EXPIRED,Portugal,Male,Yes
60bf89b9e639c7f3d8a76853,5cae09506d573900175d4727,APPROVED,2021-06-08 15:16:09.040000,2021-06-08 15:38:47.698000,1358.658,22,312,0,100,2021-06-09 11:02:22.097000,29551DF4,Portugal,Portugal,Part-Time,DATA EXPIRED,Portugal,Male,Yes
60bf89b9f37a5c27afe4c6f4,6084499487b6d10d2aabda10,APPROVED,2021-06-08 15:16:09.360000,2021-06-08 15:38:22.621000,1333.261,23,24,0,100,2021-06-09 11:02:23.882000,29551DF4,Portugal,Portugal,Other,DATA EXPIRED,Portugal,Male,Yes
60bf89ba0e4d696adb2750bf,60b90114ef13bcd3c200c193,APPROVED,2021-06-08 15:16:22.634000,2021-06-08 15:40:26.058000,1443.424,21,11,0,100,2021-06-09 11:02:24.799000,29551DF4,Portugal,Portugal,Other,DATA EXPIRED,Portugal,Male,Yes
60bf89ba2560aa9dba297172,5eff07d279c81803541503a8,RETURNED,2021-06-08 15:16:10.722000,,71757.784037,44,304,0,100,,,CONSENT REVOKED,CONSENT REVOKED,CONSENT REVOKED,CONSENT REVOKED,CONSENT REVOKED,CONSENT REVOKED,CONSENT REVOKED
60bf89ba38deea81e103f139,5e5eb4843accc91e2443212f,APPROVED,2021-06-08 15:16:43.890000,2021-06-08 15:43:32.107000,1608.217,18,164,1,100,2021-06-09 11:02:25.758000,29551DF4,Portugal,Portugal,Other,DATA EXPIRED,Portugal,Female,Yes
60bf89ba38e557c3530065c8,5fc64e35746dd626bb337f76,APPROVED,2021-06-08 15:16:10.815000,2021-06-08 15:42:01.353000,1550.538,24,11,0,100,2021-06-09 11:02:27.265000,29551DF4,Portugal,Portugal,Unemployed (and job seeking),DATA EXPIRED,Portugal,Male,Yes
60bf89ba419b31b24e2378bc,6055511b69c5e470713c8717,APPROVED,2021-06-08 15:16:10.234000,2021-06-08 15:42:15.852000,1565.618,23,14,1,99,2021-06-09 11:02:28.167000,29551DF4,Portugal,Portugal,Part-Time,DATA EXPIRED,Portugal,Male,Yes
60bf89ba967f3fcd157c4a6e,60bddb39c8287f341bad6ad6,APPROVED,2021-06-08 15:16:12.048000,2021-06-08 15:30:55.630000,883.582,25,14,0,100,2021-06-09 11:02:29.034000,29551DF4,United Kingdom,United Kingdom,Full-Time,DATA EXPIRED,United Kingdom,Female,Yes
60bf89ba9def76b5923c6039,5fc86c1b2df6ff1ff7a51ea5,APPROVED,2021-06-08 15:19:37.239000,2021-06-08 16:02:25.442000,2568.203,34,77,1,99,2021-06-09 11:02:30.228000,29551DF4,Mexico,Mexico,Unemployed (and job seeking),DATA EXPIRED,Mexico,Male,No
60bf89ba9dfe889259e450b7,60a256f83ef6ada5debc47a9,RETURNED,2021-06-08 15:16:10.173000,,71758.453373,28,17,0,100,,,CONSENT REVOKED,CONSENT REVOKED,CONSENT REVOKED,CONSENT REVOKED,CONSENT REVOKED,CONSENT REVOKED,CONSENT REVOKED
60bf89bad4e33d8aecc08efe,5fbeef08fae48b16613fbe94,APPROVED,2021-06-08 15:16:26.834000,2021-06-08 15:48:06.194000,1899.36,22,53,1,100,2021-06-09 11:02:31.277000,29551DF4,Italy,Italy,Unemployed (and job seeking),DATA EXPIRED,Italy,Male,Yes
60bf89baeb9d374dd46021f8,5f6a7d0d9d705213a0db27e2,APPROVED,2021-06-08 15:16:18.059000,2021-06-08 15:34:02.327000,1064.268,25,83,1,100,2021-06-09 11:02:32.225000,29551DF4,Italy,Italy,Unemployed (and job seeking),DATA EXPIRED,Italy,Male,Yes
60bf89baf369e2e04f930c35,606098b34aa547f1cb645083,APPROVED,2021-06-08 15:16:22.473000,2021-06-08 15:36:12.675000,1190.202,25,29,0,100,2021-06-09 11:02:33.615000,29551DF4,Spain,Spain,Full-Time,DATA EXPIRED,Spain,Female,Yes
60bf89bb0541415d6cd605f0,604258da4004870ebf00822d,APPROVED,2021-06-08 15:16:11.101000,2021-06-08 15:36:02.355000,1191.254,23,41,1,100,2021-06-09 11:02:34.613000,29551DF4,Portugal,Portugal,Other,DATA EXPIRED,Portugal,Male,Yes
60bf89bb175045ba190e53c4,5e87a0b5fc57a7415442f97e,APPROVED,2021-06-08 15:16:11.489000,2021-06-08 16:02:04.976000,2753.487,25,221,1,100,2021-06-09 11:02:35.846000,29551DF4,Italy,Italy,Part-Time,DATA EXPIRED,Italy,Male,Yes
60bf89bb4b0b7a116ed349cf,57892012454e5400015f35c4,RETURNED,2021-06-08 15:27:00.050000,,71108.689112,44,553,4,100,,,CONSENT REVOKED,CONSENT REVOKED,CONSENT REVOKED,CONSENT REVOKED,CONSENT REVOKED,CONSENT REVOKED,CONSENT REVOKED
60bf89bb7c953e3c951d8b98,6055b240728724a27d38b40a,APPROVED,2021-06-08 15:16:11.148000,2021-06-08 15:48:30.175000,1939.027,22,40,0,100,2021-06-09 11:02:37.185000,29551DF4,Greece,Greece,Unemployed (and job seeking),DATA EXPIRED,Greece,Male,Yes
60bf89bb7f1bff072976d4cf,5e5f992a9efbca000beac9df,TIMED-OUT,2021-06-08 15:16:11.318000,,71757.458491,20,176,5,97,,,Romania,Spain,Unemployed (and job seeking),DATA EXPIRED,Romania,Male,Yes
60bf89bb83f7b70c163b5290,6052554f2d140e57270e22f9,APPROVED,2021-06-08 15:16:11.189000,2021-06-08 16:06:17.416000,3006.227,38,40,1,100,2021-06-09 11:02:38.199000,29551DF4,Mexico,Mexico,Full-Time,DATA EXPIRED,Mexico,Male,No
60bf89bba4a0b48a7d08eff7,60b91d545349ec32de395ddd,APPROVED,2021-06-08 15:16:22.069000,2021-06-08 15:55:19.168000,2337.099,24,3,0,100,2021-06-09 11:02:39.400000,29551DF4,South Africa,South Africa,Part-Time,DATA EXPIRED,South Africa,Female,Yes
60bf89bbd421601e3032a6ab,60142d5718e5943b09fd9298,APPROVED,2021-06-08 15:16:11.912000,2021-06-08 15:36:08.567000,1196.655,21,79,0,100,2021-06-09 11:02:40.255000,29551DF4,Portugal,Portugal,Other,DATA EXPIRED,Portugal,Male,Yes
60bf89bbf369e2e04f930c36,5ec7d1532d21782444571b37,RETURNED,2021-06-08 15:16:11.571000,,71757.27576,20,39,0,100,,,CONSENT REVOKED,CONSENT REVOKED,CONSENT REVOKED,CONSENT REVOKED,CONSENT REVOKED,CONSENT REVOKED,CONSENT REVOKED
60bf89bc067ef376cd24360d,60042af01e4c4b52c5ee0c01,APPROVED,2021-06-08 15:16:14.905000,2021-06-08 15:54:14.026000,2279.121,19,67,1,99,2021-06-09 11:02:41.319000,29551DF4,Italy,Italy,Other,DATA EXPIRED,Italy,Female,Yes
60bf89bc58305d0bd52e4857,60b889967014a024377477fa,APPROVED,2021-06-08 15:16:46.174000,2021-06-08 15:58:34.527000,2508.353,22,15,0,100,2021-06-09 11:02:42.530000,29551DF4,South Africa,South Africa,Unemployed (and job seeking),DATA EXPIRED,South Africa,Female,Yes
60bf89bc622102cd98595e97,5f91ad02439b5e04b51d69a0,APPROVED,2021-06-08 15:16:12.981000,2021-06-08 15:55:01.145000,2328.164,20,105,0,100,2021-06-09 11:02:43.424000,29551DF4,Portugal,Portugal,Other,DATA EXPIRED,Portugal,Male,Yes
60bf89bc7288338535ea27f8,5fa01b6003aed3026366571c,APPROVED,2021-06-08 15:16:12.256000,2021-06-08 15:36:14.025000,1201.769,19,143,2,99,2021-06-09 11:02:44.841000,29551DF4,Greece,United Kingdom,Part-Time,DATA EXPIRED,Greece,Female,Yes
60bf89bc749892ccc44ccf61,605260141614ee63870d2394,APPROVED,2021-06-08 15:16:12.627000,2021-06-08 15:37:37.751000,1285.124,19,38,1,100,2021-06-09 11:02:45.986000,29551DF4,Portugal,Portugal,Other,DATA EXPIRED,Portugal,Male,Yes
60bf89bc74af0f7f1f3b6957,6047306c42558a1a992b1d40,RETURNED,2021-06-08 15:16:12.131000,,71756.823409,22,32,0,100,,,CONSENT REVOKED,CONSENT REVOKED,CONSENT REVOKED,CONSENT REVOKED,CONSENT REVOKED,CONSENT REVOKED,CONSENT REVOKED
60bf89bc77f5abc3c663ac60,60649bf146ce5a76f4bef1ce,APPROVED,2021-06-08 15:16:24.167000,2021-06-08 16:17:40.146000,3675.979,18,23,1,99,2021-06-09 11:02:46.917000,29551DF4,Slovenia,Slovenia,Other,DATA EXPIRED,Slovenia,Male,Yes
60bf89bc9b7c715e5c0e35f5,5f31671e69023f000b0c0547,APPROVED,2021-06-08 15:16:36.841000,2021-06-08 15:43:42.073000,1625.232,22,121,0,100,2021-06-09 11:02:48.096000,29551DF4,Moldova,Italy,Unemployed (and job seeking),DATA EXPIRED,Italy,Male,Yes
60bf89bcada16d1f6e8d5e8b,60ae4fc3b2a7bb662abb8852,APPROVED,2021-06-08 15:16:12.652000,2021-06-08 15:41:29.952000,1517.3,48,32,0,100,2021-06-09 11:02:49.237000,29551DF4,United Kingdom,United Kingdom,Full-Time,DATA EXPIRED,United Kingdom,Female,No
60bf89bcafea709be01e217c,5c74f0d525c76b0010706736,APPROVED,2021-06-08 15:16:12.673000,2021-06-08 16:00:33.751000,2661.078,24,247,0,100,2021-06-09 11:02:50.210000,29551DF4,Estonia,Estonia,Full-Time,DATA EXPIRED,Estonia,Male,No
60bf89bcd369163165c19a1e,5f6664109b70ce119e08befe,RETURNED,2021-06-08 15:16:12.075000,,71756.963113,28,101,2,98,,,CONSENT REVOKED,CONSENT REVOKED,CONSENT REVOKED,CONSENT REVOKED,CONSENT REVOKED,CONSENT REVOKED,CONSENT REVOKED
60bf89bcebb9541e5ada6d1e,5df15ea015ef4007148e0c99,REJECTED,2021-06-08 15:17:27.388000,2021-06-08 15:22:52.571000,325.183,36,101,1,100,2021-06-08 16:07:16.756000,NOCODE,United Kingdom,United Kingdom,Full-Time,DATA EXPIRED,United Kingdom,Female,No
60bf89bd5a1e61f9f63e3e36,60a2541c0e5a829853aad745,APPROVED,2021-06-08 15:16:58.701000,2021-06-08 15:46:37.027000,1778.326,22,5,0,100,2021-06-09 11:02:51.851000,29551DF4,Portugal,Portugal,DATA EXPIRED,DATA EXPIRED,Portugal,Female,Yes
60bf89bd5ff94b291d82fec7,60b77ebe5c43053f11aac63d,RETURNED,2021-06-08 15:16:29.271000,,71739.835075,21,26,1,99,,,CONSENT REVOKED,CONSENT REVOKED,CONSENT REVOKED,CONSENT REVOKED,CONSENT REVOKED,CONSENT REVOKED,CONSENT REVOKED
60bf89bd87a6c6b6b4004b71,603c11e7db9042987c7180be,APPROVED,2021-06-08 15:16:15.455000,2021-06-08 15:42:59.845000,1604.39,24,42,0,100,2021-06-09 11:02:52.727000,29551DF4,Italy,Italy,Other,DATA EXPIRED,Italy,Male,Yes
60bf89c08b1f2ac00fe6040b,5fd761f02e24f003c7dbc814,APPROVED,2021-06-08 15:16:16.518000,2021-06-08 15:37:50.915000,1294.397,20,20,1,100,2021-06-09 11:02:53.980000,29551DF4,Italy,Italy,Other,DATA EXPIRED,Italy,Male,Yes
60bf89e0d4593ddb910c0960,5d5db7f7ca179000180b17cc,RETURNED,2021-06-08 15:17:09.902000,,71699.25633,36,587,5,99,,,CONSENT REVOKED,CONSENT REVOKED,CONSENT REVOKED,CONSENT REVOKED,CONSENT REVOKED,CONSENT REVOKED,CONSENT REVOKED
60bf8a16b25fc71f1b70c126,5badf0aeae1d020001df2cc7,APPROVED,2021-06-08 15:18:35.350000,2021-06-09 11:11:32.630000,71577.28,34,327,6,97,2021-06-09 11:11:32.708000,Manual Completion,Italy,Italy,DATA EXPIRED,DATA EXPIRED,Italy,Male,DATA EXPIRED
60bf8a57824965e5398daa13,5f2dbc04160a0f0d88ee4440,APPROVED,2021-06-08 15:19:33.763000,2021-06-08 16:05:00.138000,2726.375,36,92,2,99,2021-06-09 11:02:54.848000,29551DF4,Mexico,Mexico,Full-Time,DATA EXPIRED,Mexico,Female,No
60bf8b0cdbf29a2e2894805d,5e99e838545b26058749d068,APPROVED,2021-06-08 15:21:55.266000,2021-06-08 16:08:14.517000,2779.251,23,102,0,100,2021-06-09 11:02:55.908000,29551DF4,Portugal,Portugal,DATA EXPIRED,DATA EXPIRED,Portugal,Male,DATA EXPIRED
60bf8b10733473595196d3e8,60b0a8e093a2a23bfd90fb31,RETURNED,2021-06-08 15:21:58.895000,,71410.327536,23,9,1,99,,,CONSENT REVOKED,CONSENT REVOKED,CONSENT REVOKED,CONSENT REVOKED,CONSENT REVOKED,CONSENT REVOKED,CONSENT REVOKED
60bf8baadbf29a2e2894806b,5fd663b8b06c1b570569dc2b,RETURNED,2021-06-08 15:24:26.524000,,71262.714247,19,80,0,100,,,CONSENT REVOKED,CONSENT REVOKED,CONSENT REVOKED,CONSENT REVOKED,CONSENT REVOKED,CONSENT REVOKED,CONSENT REVOKED
60bf8beffa41dca2caffbbff,5f692172ef5a7c114e50f488,RETURNED,2021-06-08 15:36:00.037000,,70569.21723,23,167,1,100,,,CONSENT REVOKED,CONSENT REVOKED,CONSENT REVOKED,CONSENT REVOKED,CONSENT REVOKED,CONSENT REVOKED,CONSENT REVOKED
60bf8c474a03cfdbb20f3275,60a2e8c68b3c9c53a3aef722,APPROVED,2021-06-08 15:27:07.172000,2021-06-08 15:56:17.120000,1749.948,19,12,0,100,2021-06-09 11:02:57.275000,29551DF4,Poland,Poland,Unemployed (and job seeking),DATA EXPIRED,Poland,Male,Yes
60bf8ce5702a47b809b2a12d,6023df50d5c2d7069115de3f,APPROVED,2021-06-08 15:30:37.299000,2021-06-08 16:49:38.865000,4741.566,23,90,0,100,2021-06-09 11:02:58.200000,29551DF4,Zimbabwe,South Africa,Part-Time,DATA EXPIRED,Zimbabwe,Female,Yes
60bf8cede50fe97e155a4dd2,60a51aece7beb17b4303be18,RETURNED,2021-06-08 15:30:13.777000,,70915.532611,19,11,0,100,,,CONSENT REVOKED,CONSENT REVOKED,CONSENT REVOKED,CONSENT REVOKED,CONSENT REVOKED,CONSENT REVOKED,CONSENT REVOKED
60bf8d2c88cd614b7a5bc66f,5ccc758ab11510001584a1af,APPROVED,2021-06-08 15:31:44.664000,2021-06-08 15:53:55.595000,1330.931,26,253,1,100,2021-06-09 11:02:59.486000,29551DF4,Portugal,Portugal,Part-Time,DATA EXPIRED,Portugal,Male,Yes
60bf8ddb10bd20c634557cf1,5ba4d6c929629d00014e6c28,APPROVED,2021-06-08 15:39:02.506000,2021-06-08 16:20:27.558000,2485.052,32,487,2,100,2021-06-09 11:03:00.946000,29551DF4,Poland,Poland,Full-Time,DATA EXPIRED,Poland,Male,No
60bf8e2162c346a089bd3692,607728dc0b4f8590b94ae57c,APPROVED,2021-06-08 15:35:18.015000,2021-06-08 16:03:52.721000,1714.706,29,19,0,100,2021-06-09 11:03:03.212000,29551DF4,Chile,Chile,Part-Time,DATA EXPIRED,Chile,Male,No
60bf8e640fdeedbd23e05b94,609e5698a6b5c3ff5a7632bc,RETURNED,2021-06-08 15:36:05.868000,,70563.525596,24,9,0,100,,,CONSENT REVOKED,CONSENT REVOKED,CONSENT REVOKED,CONSENT REVOKED,CONSENT REVOKED,CONSENT REVOKED,CONSENT REVOKED
60bf8fc764c68e1eea138dcf,604b859f965723dde6768f6c,APPROVED,2021-06-08 15:42:13.467000,2021-06-08 15:54:31.890000,738.423,22,60,0,100,2021-06-09 11:03:04.204000,29551DF4,United Kingdom,United Kingdom,Other,DATA EXPIRED,United Kingdom,Female,Yes
60bf9010539cc293100d6a1f,5b74413e722bd2000195c067,APPROVED,2021-06-08 15:43:22.459000,2021-06-08 16:05:04.798000,1302.339,29,375,0,100,2021-06-09 11:03:05.298000,29551DF4,Poland,Poland,Full-Time,DATA EXPIRED,Poland,Male,No
60bf9013565c984d1d27fa74,5fb6dd7c3d66c615d3534135,RETURNED,2021-06-08 15:43:56.265000,,70093.191061,25,70,1,98,,,CONSENT REVOKED,CONSENT REVOKED,CONSENT REVOKED,CONSENT REVOKED,CONSENT REVOKED,CONSENT REVOKED,CONSENT REVOKED
60bf90ece74292665076480a,60b6c415dbda3236ea22455a,APPROVED,2021-06-08 15:46:58.942000,2021-06-08 16:17:02.716000,1803.774,30,13,0,100,2021-06-09 11:03:07.325000,29551DF4,Turkey,Spain,Unemployed (and job seeking),DATA EXPIRED,Turkey,Female,Yes
60bf9258202408a9e8dda748,5edbaae1b9f9f68349ce80f3,APPROVED,2021-06-08 15:52:56.937000,2021-06-08 16:05:29.836000,752.899,27,263,1,100,2021-06-09 11:03:08.264000,29551DF4,Canada,Ireland,Part-Time,DATA EXPIRED,Canada,Male,Yes
60bf946f7aa3c5e2a69d6f4d,5cdeaeb3557fbd00018a2c59,APPROVED,2021-06-08 16:01:55.431000,2021-06-08 16:26:52.844000,1497.413,24,364,0,100,2021-06-09 11:03:10.033000,29551DF4,Italy,Italy,Unemployed (and job seeking),DATA EXPIRED,Italy,Female,No
60bf95b9af807676087124c2,60b66d5d7b07f575f5070524,APPROVED,2021-06-08 16:07:23.735000,2021-06-08 16:50:32.367000,2588.632,32,26,1,99,2021-06-09 11:03:11.736000,29551DF4,China,Ireland,Full-Time,DATA EXPIRED,China,Female,No
60bf9e8fcabf7b702695360c,5ef109c89196fa6d5cf6c005,APPROVED,2021-06-08 16:45:03.238000,2021-06-08 17:22:02.588000,2219.35,25,147,1,100,2021-06-09 11:03:12.961000,29551DF4,Italy,Italy,DATA EXPIRED,DATA EXPIRED,Italy,Male,Yes
60bf9e924ebbf120331390c1,5fb6ed2116919c000a99249e,APPROVED,2021-06-08 16:45:13.553000,2021-06-08 17:07:51.048000,1357.495,27,95,1,100,2021-06-09 11:03:14.134000,29551DF4,Poland,Poland,Other,DATA EXPIRED,Poland,Male,No
